num,followers,sales
1,0.24145,0.28
2,1.1181,0.94
3,0.56754,1.95
4,1.84461,2.23
5,1.25246,2.62
6,4.68229,3.04
7,4.68717,3.72
8,3.58391,4.28
9,4.5189,4.36
10,4.55005,5.12
11,3.52519,5.21
12,2.80076,5.87
13,3.01208,6.21
14,4.97694,6.44
15,4.41422,7.74
16,3.97936,7.9
17,7.22449,10.21
18,7.54107,10.35
19,6.77417,10.8
20,9.25172,11.98
21,7.32608,13.15
22,10.46454,14.27
23,12.10845,18.74
24,14.97439,18.99
25,13.53777,19.86
